<annotation>
	<folder>micrurus</folder>
	<filename>micrurus72.jpg</filename>
	<path>D:\Mate\Area_andina\papeles_u\VIIIsemestre\deep_learnig\proyecto_final\dataset\validacion\micrurus\micrurus72.jpg</path>
	<source>
		<database>Unknown</database>
	</source>
	<size>
		<width>469</width>
		<height>491</height>
		<depth>3</depth>
	</size>
	<segmented>0</segmented>
	<object>
		<name>micrurus</name>
		<pose>Unspecified</pose>
		<truncated>0</truncated>
		<difficult>0</difficult>
		<bndbox>
			<xmin>160</xmin>
			<ymin>204</ymin>
			<xmax>401</xmax>
			<ymax>446</ymax>
		</bndbox>
	</object>
</annotation>
