<annotation>
	<folder>micrurus</folder>
	<filename>micrurus100.jpg</filename>
	<path>D:\Mate\Area_andina\papeles_u\VIIIsemestre\deep_learnig\proyecto_final\dataset\validacion\micrurus\micrurus100.jpg</path>
	<source>
		<database>Unknown</database>
	</source>
	<size>
		<width>1024</width>
		<height>1012</height>
		<depth>3</depth>
	</size>
	<segmented>0</segmented>
	<object>
		<name>micrurus</name>
		<pose>Unspecified</pose>
		<truncated>0</truncated>
		<difficult>0</difficult>
		<bndbox>
			<xmin>331</xmin>
			<ymin>208</ymin>
			<xmax>992</xmax>
			<ymax>555</ymax>
		</bndbox>
	</object>
</annotation>
