<annotation>
	<folder>micrurus</folder>
	<filename>micrurus61.jpg</filename>
	<path>D:\Mate\Area_andina\papeles_u\VIIIsemestre\deep_learnig\proyecto_final\dataset\validacion\micrurus\micrurus61.jpg</path>
	<source>
		<database>Unknown</database>
	</source>
	<size>
		<width>1200</width>
		<height>867</height>
		<depth>3</depth>
	</size>
	<segmented>0</segmented>
	<object>
		<name>micrurus</name>
		<pose>Unspecified</pose>
		<truncated>0</truncated>
		<difficult>0</difficult>
		<bndbox>
			<xmin>123</xmin>
			<ymin>91</ymin>
			<xmax>710</xmax>
			<ymax>679</ymax>
		</bndbox>
	</object>
</annotation>
