<annotation>
	<folder>micrurus</folder>
	<filename>micrurus66.jpg</filename>
	<path>D:\Mate\Area_andina\papeles_u\VIIIsemestre\deep_learnig\proyecto_final\dataset\validacion\micrurus\micrurus66.jpg</path>
	<source>
		<database>Unknown</database>
	</source>
	<size>
		<width>1082</width>
		<height>1390</height>
		<depth>3</depth>
	</size>
	<segmented>0</segmented>
	<object>
		<name>micrurus</name>
		<pose>Unspecified</pose>
		<truncated>0</truncated>
		<difficult>0</difficult>
		<bndbox>
			<xmin>51</xmin>
			<ymin>210</ymin>
			<xmax>952</xmax>
			<ymax>1244</ymax>
		</bndbox>
	</object>
</annotation>
