<annotation>
	<folder>micrurus</folder>
	<filename>micrurus62.jpg</filename>
	<path>D:\Mate\Area_andina\papeles_u\VIIIsemestre\deep_learnig\proyecto_final\dataset\validacion\micrurus\micrurus62.jpg</path>
	<source>
		<database>Unknown</database>
	</source>
	<size>
		<width>326</width>
		<height>155</height>
		<depth>3</depth>
	</size>
	<segmented>0</segmented>
	<object>
		<name>micrurus</name>
		<pose>Unspecified</pose>
		<truncated>0</truncated>
		<difficult>0</difficult>
		<bndbox>
			<xmin>76</xmin>
			<ymin>21</ymin>
			<xmax>285</xmax>
			<ymax>127</ymax>
		</bndbox>
	</object>
</annotation>
