<annotation>
	<folder>coleopteros</folder>
	<filename>escarabajo78.jpg</filename>
	<path>D:\Mate\Area_andina\papeles_u\VIIIsemestre\deep_learnig\proyecto_final\dataset\validacion\coleopteros\escarabajo78.jpg</path>
	<source>
		<database>Unknown</database>
	</source>
	<size>
		<width>300</width>
		<height>300</height>
		<depth>3</depth>
	</size>
	<segmented>0</segmented>
	<object>
		<name>coleopteros</name>
		<pose>Unspecified</pose>
		<truncated>0</truncated>
		<difficult>0</difficult>
		<bndbox>
			<xmin>42</xmin>
			<ymin>10</ymin>
			<xmax>278</xmax>
			<ymax>285</ymax>
		</bndbox>
	</object>
</annotation>
