<annotation>
	<folder>anuros</folder>
	<filename>58-E-ovalis-jul88_.jpg</filename>
	<path>D:\Mate\Area_andina\papeles_u\VIIIsemestre\deep_learnig\proyecto_final\dataset\entrenamiento\anuros\58-E-ovalis-jul88_.jpg</path>
	<source>
		<database>Unknown</database>
	</source>
	<size>
		<width>300</width>
		<height>300</height>
		<depth>3</depth>
	</size>
	<segmented>0</segmented>
	<object>
		<name>anuros</name>
		<pose>Unspecified</pose>
		<truncated>0</truncated>
		<difficult>0</difficult>
		<bndbox>
			<xmin>7</xmin>
			<ymin>54</ymin>
			<xmax>293</xmax>
			<ymax>243</ymax>
		</bndbox>
	</object>
</annotation>
