<annotation>
	<folder>anuros</folder>
	<filename>dendrobatidae2.jpg</filename>
	<path>D:\Mate\Area_andina\papeles_u\VIIIsemestre\deep_learnig\proyecto_final\dataset\entrenamiento\anuros\dendrobatidae2.jpg</path>
	<source>
		<database>Unknown</database>
	</source>
	<size>
		<width>300</width>
		<height>300</height>
		<depth>3</depth>
	</size>
	<segmented>0</segmented>
	<object>
		<name>anuros</name>
		<pose>Unspecified</pose>
		<truncated>0</truncated>
		<difficult>0</difficult>
		<bndbox>
			<xmin>65</xmin>
			<ymin>75</ymin>
			<xmax>264</xmax>
			<ymax>243</ymax>
		</bndbox>
	</object>
</annotation>
