<annotation>
	<folder>coleopteros</folder>
	<filename>escarabajo7.jpg</filename>
	<path>D:\Mate\Area_andina\papeles_u\VIIIsemestre\deep_learnig\proyecto_final\dataset\entrenamiento\coleopteros\escarabajo7.jpg</path>
	<source>
		<database>Unknown</database>
	</source>
	<size>
		<width>300</width>
		<height>300</height>
		<depth>3</depth>
	</size>
	<segmented>0</segmented>
	<object>
		<name>coleopteros</name>
		<pose>Unspecified</pose>
		<truncated>0</truncated>
		<difficult>0</difficult>
		<bndbox>
			<xmin>82</xmin>
			<ymin>79</ymin>
			<xmax>242</xmax>
			<ymax>219</ymax>
		</bndbox>
	</object>
</annotation>
