<annotation>
	<folder>coleopteros</folder>
	<filename>escarabajo102.jpg</filename>
	<path>D:\Mate\Area_andina\papeles_u\VIIIsemestre\deep_learnig\proyecto_final\dataset\entrenamiento\coleopteros\escarabajo102.jpg</path>
	<source>
		<database>Unknown</database>
	</source>
	<size>
		<width>300</width>
		<height>300</height>
		<depth>3</depth>
	</size>
	<segmented>0</segmented>
	<object>
		<name>coleopteros</name>
		<pose>Unspecified</pose>
		<truncated>0</truncated>
		<difficult>0</difficult>
		<bndbox>
			<xmin>89</xmin>
			<ymin>75</ymin>
			<xmax>247</xmax>
			<ymax>233</ymax>
		</bndbox>
	</object>
</annotation>
