<annotation>
	<folder>micrurus</folder>
	<filename>micrurus60.JPG</filename>
	<path>D:\Mate\Area_andina\papeles_u\VIIIsemestre\deep_learnig\proyecto_final\dataset\entrenamiento\micrurus\micrurus60.JPG</path>
	<source>
		<database>Unknown</database>
	</source>
	<size>
		<width>701</width>
		<height>472</height>
		<depth>3</depth>
	</size>
	<segmented>0</segmented>
	<object>
		<name>micrurus</name>
		<pose>Unspecified</pose>
		<truncated>0</truncated>
		<difficult>0</difficult>
		<bndbox>
			<xmin>325</xmin>
			<ymin>64</ymin>
			<xmax>600</xmax>
			<ymax>269</ymax>
		</bndbox>
	</object>
</annotation>
