<annotation>
	<folder>micrurus</folder>
	<filename>micrurus44.jpg</filename>
	<path>D:\Mate\Area_andina\papeles_u\VIIIsemestre\deep_learnig\proyecto_final\dataset\entrenamiento\micrurus\micrurus44.jpg</path>
	<source>
		<database>Unknown</database>
	</source>
	<size>
		<width>800</width>
		<height>500</height>
		<depth>3</depth>
	</size>
	<segmented>0</segmented>
	<object>
		<name>micrurus</name>
		<pose>Unspecified</pose>
		<truncated>0</truncated>
		<difficult>0</difficult>
		<bndbox>
			<xmin>214</xmin>
			<ymin>39</ymin>
			<xmax>631</xmax>
			<ymax>411</ymax>
		</bndbox>
	</object>
</annotation>
