<annotation>
	<folder>micrurus</folder>
	<filename>micrurus12.jpg</filename>
	<path>D:\Mate\Area_andina\papeles_u\VIIIsemestre\deep_learnig\proyecto_final\dataset\entrenamiento\micrurus\micrurus12.jpg</path>
	<source>
		<database>Unknown</database>
	</source>
	<size>
		<width>500</width>
		<height>302</height>
		<depth>3</depth>
	</size>
	<segmented>0</segmented>
	<object>
		<name>micrurus</name>
		<pose>Unspecified</pose>
		<truncated>0</truncated>
		<difficult>0</difficult>
		<bndbox>
			<xmin>290</xmin>
			<ymin>43</ymin>
			<xmax>484</xmax>
			<ymax>256</ymax>
		</bndbox>
	</object>
</annotation>
