<annotation>
	<folder>micrurus</folder>
	<filename>micrurus24.jpeg</filename>
	<path>D:\Mate\Area_andina\papeles_u\VIIIsemestre\deep_learnig\proyecto_final\dataset\entrenamiento\micrurus\micrurus24.jpeg</path>
	<source>
		<database>Unknown</database>
	</source>
	<size>
		<width>632</width>
		<height>437</height>
		<depth>3</depth>
	</size>
	<segmented>0</segmented>
	<object>
		<name>micrurus</name>
		<pose>Unspecified</pose>
		<truncated>0</truncated>
		<difficult>0</difficult>
		<bndbox>
			<xmin>21</xmin>
			<ymin>53</ymin>
			<xmax>586</xmax>
			<ymax>393</ymax>
		</bndbox>
	</object>
</annotation>
