<annotation>
	<folder>micrurus</folder>
	<filename>micrurus101.jpg</filename>
	<path>D:\Mate\Area_andina\papeles_u\VIIIsemestre\deep_learnig\proyecto_final\dataset\entrenamiento\micrurus\micrurus101.jpg</path>
	<source>
		<database>Unknown</database>
	</source>
	<size>
		<width>300</width>
		<height>300</height>
		<depth>3</depth>
	</size>
	<segmented>0</segmented>
	<object>
		<name>micrurus</name>
		<pose>Unspecified</pose>
		<truncated>0</truncated>
		<difficult>0</difficult>
		<bndbox>
			<xmin>42</xmin>
			<ymin>20</ymin>
			<xmax>236</xmax>
			<ymax>275</ymax>
		</bndbox>
	</object>
</annotation>
