<annotation>
	<folder>micrurus</folder>
	<filename>micrurus46.jpg</filename>
	<path>D:\Mate\Area_andina\papeles_u\VIIIsemestre\deep_learnig\proyecto_final\dataset\entrenamiento\micrurus\micrurus46.jpg</path>
	<source>
		<database>Unknown</database>
	</source>
	<size>
		<width>540</width>
		<height>360</height>
		<depth>3</depth>
	</size>
	<segmented>0</segmented>
	<object>
		<name>micrurus</name>
		<pose>Unspecified</pose>
		<truncated>0</truncated>
		<difficult>0</difficult>
		<bndbox>
			<xmin>207</xmin>
			<ymin>127</ymin>
			<xmax>482</xmax>
			<ymax>322</ymax>
		</bndbox>
	</object>
</annotation>
