<annotation>
	<folder>micrurus</folder>
	<filename>micrurus11.jpg</filename>
	<path>D:\Mate\Area_andina\papeles_u\VIIIsemestre\deep_learnig\proyecto_final\dataset\entrenamiento\micrurus\micrurus11.jpg</path>
	<source>
		<database>Unknown</database>
	</source>
	<size>
		<width>560</width>
		<height>420</height>
		<depth>3</depth>
	</size>
	<segmented>0</segmented>
	<object>
		<name>micrurus</name>
		<pose>Unspecified</pose>
		<truncated>0</truncated>
		<difficult>0</difficult>
		<bndbox>
			<xmin>121</xmin>
			<ymin>23</ymin>
			<xmax>499</xmax>
			<ymax>315</ymax>
		</bndbox>
	</object>
</annotation>
